id,nombre,horasTrabajadas,sueldo
1,Jamaal,42,32210
2,Mahmud,46,31643
3,Gaston,41,44664
4,Taylor,28,32317
5,Mycah,25,36583
6,Karlik,28,36982
7,Rey,21,49681
8,Jarred,9,49484
9,Jamaal,14,34817
10,Herman,41,40595
11,Vanya,16,34955
12,Antone,30,30716
13,Bourke,20,36469
14,Walton,48,36132
15,Durant,50,41328
16,Brantley,34,42223
17,Elden,43,44569
18,Iosep,12,32816
19,Hartley,24,41505
20,Benedicto,8,39521
21,Lyman,43,33678
22,Iorgo,8,49664
23,Gasparo,8,49249
24,Land,35,43499
25,Gawen,52,31560
26,Janos,24,33203
27,Yorgos,38,45024
28,Alfy,53,38815
29,Skippy,44,48993
30,Marshall,17,49003
31,Orson,34,35879
32,Daniel,43,43277
33,Galven,0,31520
34,Iago,60,37370
35,Hamid,55,34383
36,Tabbie,53,35072
37,Vaughan,46,34396
38,Gill,4,39592
39,Owen,55,42735
40,Trever,54,48762
41,Hermon,43,41503
42,Obadiah,5,33678
43,Russell,51,36851
44,Brit,19,34096
45,Garret,1,39884
46,Gav,16,43991
47,Ned,13,34883
48,Aubrey,12,30351
49,Robbert,7,30966
50,Zachariah,36,37771
51,Nat,11,49593
52,Augy,60,38521
53,Mason,14,30592
54,Riccardo,24,42373
55,Richardo,38,48492
56,Kenny,14,31848
57,Christopher,28,32883
58,Rudolph,5,33850
59,Errick,25,34851
60,Ruddie,54,48681
61,Currie,31,43186
62,Shermy,55,44187
63,Niki,33,35506
64,Tommy,4,41908
65,Bertie,49,49484
66,Wilburt,39,34513
67,Redd,10,37246
68,Vaclav,41,38578
69,Ferrel,24,40331
70,Putnem,1,43695
71,Jordan,32,42266
72,Griswold,36,39104
73,Yves,1,45806
74,Nickolai,8,35547
75,Aldridge,20,43216
76,Ernie,29,34862
77,Clyde,53,44259
78,Ferdinand,27,47558
79,Hagen,20,39912
80,Neil,54,34806
81,Patten,11,31449
82,Tiebold,30,31896
83,Elvin,24,41238
84,Corrie,54,48705
85,Elihu,22,46001
86,Thurstan,37,48848
87,Guthrey,40,42205
88,Dov,4,39145
89,Kristofor,3,46809
90,Onfre,12,49757
91,Torrin,41,37779
92,Tracie,4,40841
93,Hashim,13,35040
94,Rickert,20,33346
95,Dietrich,12,33123
96,Olivier,23,48566
97,Hendrick,58,44169
98,Giulio,10,35660
99,Hillard,25,49116
100,Leonard,54,39777
101,Lyell,4,30466
102,Dermot,12,45393
103,Rafaello,24,38444
104,Burt,5,46212
105,Aymer,18,41692
106,Flinn,7,44565
107,Raimondo,50,31997
108,Grantham,1,32672
109,Randolf,34,38421
110,Ike,42,35851
111,Jackson,49,33793
112,Greggory,56,35726
113,Sawyere,3,44892
114,Tobiah,8,46692
115,Ashley,21,45680
116,Gayler,50,41215
117,Duff,26,37933
118,Ram,30,34341
119,Adler,34,32076
120,Oren,54,36339
121,Calv,57,49082
122,Dun,1,49458
123,Chaddie,4,43079
124,Zelig,52,30802
125,Lennard,19,36103
126,Shermie,56,38578
127,Early,9,49869
128,Frasco,20,49499
129,Michal,37,34803
130,Vassily,57,32862
131,Chrotoem,35,48634
132,Marven,34,39094
133,Osbourn,32,42966
134,Errol,19,36971
135,Eli,33,47819
136,Cal,54,39650
137,Worden,33,30937
138,Vaughan,56,40503
139,Waite,40,35080
140,Janek,35,44799
141,Emlen,49,41935
142,Georg,45,40361
143,Jon,31,38487
144,Gradey,26,44383
145,Calvin,51,32745
146,Ahmed,49,39300
147,Heriberto,50,46257
148,Hirsch,52,32206
149,Bing,20,42494
150,Inglis,58,45599
151,Sonnie,7,42560
152,Hewett,8,37613
153,Matthus,12,36733
154,Herculie,8,49486
155,Rutger,35,32760
156,Courtnay,41,43695
157,Kilian,15,48058
158,Freeman,49,31302
159,Brander,46,45609
160,Alejandro,55,38475
161,Dante,14,36167
162,Yule,11,36901
163,Nikki,21,35698
164,Oswald,55,38810
165,Mickey,23,34728
166,Jack,47,47621
167,Nils,60,32966
168,Luce,37,40190
169,Derward,21,41222
170,Roger,43,40964
171,Johnathon,40,49662
172,Zach,60,38494
173,Justen,49,41614
174,Connie,36,46106
175,Derick,21,35627
176,Glenn,46,33598
177,Reinald,27,40715
178,Armando,36,31587
179,Ase,39,32753
180,Dex,52,39164
181,Leon,23,30792
182,Arvy,39,35829
183,Kin,19,37123
184,Walt,40,38618
185,Gene,14,47245
186,Wainwright,56,33968
187,Ethe,12,43937
188,Wiley,59,37768
189,Ingra,22,47622
190,Kelby,3,37847
191,Hasheem,47,39805
192,Romeo,6,48861
193,Rustin,34,40708
194,Richard,15,40926
195,Frederick,41,46106
196,Eli,48,38075
197,Teddie,49,46983
198,Rourke,26,40428
199,Conway,48,49816
200,Abby,15,45939
201,Antone,7,35115
202,Broderic,17,44118
203,Whitman,40,44179
204,Malcolm,58,36066
205,Ugo,21,42847
206,Wyatt,22,34519
207,Jarret,12,44286
208,Winifield,59,40843
209,Jonathan,43,47615
210,Doug,19,47377
211,Elwyn,47,47466
212,Federico,13,43220
213,Bill,48,37202
214,Clement,41,41622
215,Roderic,48,33768
216,Reinaldos,29,42288
217,Bryon,26,41995
218,Donavon,56,46804
219,Mickie,9,40451
220,Bram,16,43936
221,Wiatt,20,38026
222,Agosto,35,38347
223,Frants,54,38174
224,Barret,40,34430
225,Javier,40,41622
226,Shadow,38,30279
227,Rainer,11,32552
228,Chadd,14,43201
229,Traver,11,41777
230,Valdemar,29,39321
231,Kevon,3,45163
232,Ced,27,45978
233,Dell,6,44249
234,Ross,54,40814
235,Josias,37,48655
236,Merell,41,44602
237,Staford,31,45823
238,Terrill,28,34011
239,Rance,2,35931
240,Franciskus,0,33357
241,Gregorio,8,47128
242,Findlay,53,48682
243,Jessie,54,33348
244,Correy,47,46709
245,Ermanno,19,36053
246,Antoine,47,33652
247,Roderic,15,46467
248,Orion,1,40732
249,Obie,1,44710
250,Wilhelm,38,44482
251,Standford,20,49068
252,Leo,30,35596
253,Orville,34,46510
254,Valentin,24,34940
255,Zebulen,12,46777
256,Kaspar,53,35048
257,Galen,11,49703
258,Felizio,1,44774
259,Terrence,19,49955
260,Hershel,19,32148
261,Townie,34,31183
262,Aldwin,25,47553
263,Tiebout,18,36152
264,Reggy,35,38672
265,Dionysus,5,30021
266,Harwilll,34,33848
267,Duffy,42,44151
268,Jerrie,6,43156
269,Stanfield,0,46197
270,Nolan,48,43943
271,Justen,39,49145
272,Thornie,55,40628
273,Giustino,53,37380
274,Alwyn,16,38652
275,Erastus,40,30170
276,Vance,55,36016
277,Marco,20,39309
278,Towney,13,47004
279,Joshuah,3,48067
280,Yorgo,3,48353
281,Ange,11,46595
282,Waylen,51,48929
283,Donn,17,42613
284,Adolpho,38,48376
285,Evan,0,43392
286,Ivan,23,48085
287,Emery,51,30590
288,Gayler,27,36880
289,Hakim,37,46574
290,Maynard,39,41233
291,Quinton,43,46205
292,Alfonso,20,37206
293,Dalis,47,40347
294,Egor,9,44201
295,Correy,23,46089
296,Nicolai,36,36390
297,Say,14,34468
298,Abelard,34,38227
299,Clemmie,13,39839
300,Farlee,53,32072
301,Lorens,17,45553
302,Nappy,50,36589
303,Towny,30,47283
304,Ben,55,36786
305,Clemens,16,39608
306,Osgood,48,47769
307,Osbourne,17,49830
308,Arlen,39,30452
309,Berny,16,39754
310,Udale,40,40530
311,Beau,45,33155
312,Hartwell,20,40679
313,Alvie,1,47591
314,Richard,49,49322
315,Barnabe,41,30186
316,Uriah,15,33160
317,Gilburt,56,35398
318,Elden,48,48455
319,Garvey,17,44593
320,Frederigo,9,40399
321,Court,60,32243
322,Tedman,31,44160
323,Cordy,17,43979
324,Robb,28,38681
325,Saunderson,23,40118
326,Nathanil,7,36744
327,Wayland,1,37007
328,Alister,13,30450
329,Elmo,57,46132
330,Sheffield,30,34346
331,Erskine,6,35352
332,Konstantin,36,42332
333,Jayson,21,48179
334,Agustin,26,31846
335,Milty,13,48994
336,Demetris,59,37555
337,Daren,43,33078
338,Baudoin,24,48698
339,Kendricks,1,30748
340,Hubie,27,31185
341,Myca,9,44768
342,Neron,40,38636
343,Silvanus,21,34916
344,Yehudi,21,40976
345,Killie,14,34680
346,Andie,23,34669
347,Nathanil,21,44359
348,Leopold,31,40283
349,Krishnah,27,49548
350,Edmund,16,30156
351,Dagny,13,31773
352,Mill,22,43620
353,Egon,60,39942
354,Nichole,50,35807
355,Flinn,5,46928
356,Berton,11,33722
357,Alf,6,41635
358,Walsh,22,42800
359,Vinny,57,37945
360,Mayne,32,41988
361,Alfredo,52,30866
362,Ernest,15,43426
363,Gerhardt,60,32954
364,Earl,60,36188
365,Cristobal,19,40829
366,Irvin,31,33680
367,Brade,59,33947
368,Chrissy,18,46848
369,Jud,5,36319
370,Etienne,24,39608
371,Lorry,42,42981
372,Olin,47,43940
373,Clayborne,37,49105
374,Dewitt,33,36224
375,Whitman,35,48680
376,Jereme,30,40313
377,Corty,5,30969
378,Patton,27,40611
379,Mozes,31,48427
380,Adolpho,11,38186
381,Sinclare,25,48905
382,Ebenezer,59,48767
383,Gunther,4,43143
384,Woody,25,32221
385,Gilbert,32,36279
386,Zachary,30,30349
387,Kareem,50,47657
388,Nester,5,38812
389,Gerrard,17,30450
390,Avrom,46,41575
391,Archibold,26,47239
392,Courtney,5,37262
393,Morie,21,44623
394,Leighton,9,30212
395,Dar,17,41290
396,Weylin,35,45125
397,Faber,14,44025
398,Rafi,38,38659
399,Lawry,60,31150
400,Giffie,56,40679
401,Kory,42,45591
402,Terencio,16,44343
403,Hagen,21,30531
404,Jordan,37,38638
405,Johnny,3,30348
406,Morse,22,43928
407,Smitty,34,38596
408,Michal,30,34890
409,Caryl,51,40646
410,Barde,35,47135
411,Cornell,13,38311
412,Samuel,15,31008
413,Gualterio,3,30979
414,Yancy,35,34826
415,Rube,25,48396
416,Yank,13,43920
417,Alejandro,56,48022
418,Vincent,41,38426
419,Rudolph,30,46815
420,Arvin,44,47679
421,Hazlett,4,42511
422,Norton,26,49545
423,Verney,20,31825
424,Tuckie,20,30841
425,Garrek,52,30569
426,Hunfredo,41,34649
427,Hayward,47,37427
428,Britt,48,30345
429,Kippar,10,43628
430,Mendie,23,35900
431,Robbert,12,48311
432,Nicolai,45,46548
433,Thornton,25,37044
434,Orlando,53,31396
435,Davide,20,36907
436,Jecho,5,46298
437,Ruttger,1,35591
438,Mateo,44,47587
439,Brant,24,48330
440,Danya,36,33825
441,Frederic,19,30051
442,Richie,6,36047
443,Piggy,60,38648
444,Michail,59,47039
445,Damian,32,40089
446,Orazio,6,47290
447,Perkin,3,31914
448,Egon,44,33646
449,Kane,48,39360
450,Miller,57,41091
451,Raimondo,0,49534
452,Derek,8,35622
453,Cory,19,35018
454,Clair,38,37687
455,Dex,0,40739
456,Averell,9,33496
457,Lanny,51,48781
458,Thorn,56,43925
459,Ab,40,33041
460,Zechariah,32,46061
461,Shadow,49,41586
462,Teodor,33,42907
463,Aldon,47,48899
464,Vick,54,41541
465,Alessandro,46,37562
466,Stanton,18,38947
467,Alvy,6,31169
468,Lyell,7,41655
469,Tremain,55,45598
470,Iver,48,33687
471,Eugenio,46,43111
472,Gary,40,38463
473,Langston,11,46671
474,Vin,60,33901
475,Ado,32,43161
476,Maxy,40,37783
477,Cort,10,44984
478,Lemmie,2,45890
479,Alden,11,34150
480,Elias,14,39845
481,Maison,39,36977
482,Guthrie,19,41473
483,Elston,7,39796
484,Nehemiah,18,36857
485,Mikey,26,35901
486,Julian,10,33288
487,Tobias,46,42690
488,Westley,36,48971
489,Aguie,54,48796
490,Ginger,57,30936
491,Carny,59,40846
492,Durand,13,33134
493,Corby,48,39236
494,Roscoe,6,48984
495,Worth,59,49416
496,Francois,52,40496
497,Antin,58,35309
498,Derward,3,49878
499,Sammy,47,42223
500,Felix,24,35735
501,Eamon,48,39538
502,Frederich,54,38980
503,Quintus,44,36695
504,Denis,59,33695
505,Hugues,30,49605
506,Chev,16,31965
507,Hall,34,32205
508,Chauncey,45,37015
509,Emery,14,42174
510,Gregoire,52,36744
511,Cash,41,45707
512,Kendell,48,45268
513,Augy,43,46958
514,Elvyn,21,37518
515,Anatol,27,31643
516,Errick,16,48062
517,Jeromy,31,39392
518,Brigg,38,44150
519,Herb,3,42662
520,Skyler,34,44805
521,Ignacio,55,40223
522,Wye,28,45521
523,Ikey,48,43504
524,Claudianus,16,46760
525,Tirrell,9,32351
526,Arman,5,31232
527,Karl,4,33033
528,My,26,32336
529,Benjamin,24,33764
530,Huntlee,19,32428
531,Bart,15,42445
532,Reilly,18,40726
533,Alaster,12,35216
534,Mortie,1,37450
535,Mayne,15,42905
536,Karoly,60,44692
537,Lisle,7,32185
538,Mace,22,31926
539,Griffin,8,45122
540,Georgy,7,33571
541,Craig,39,33436
542,Dunc,14,43043
543,Kenneth,56,34367
544,Orazio,52,39930
545,Westbrook,40,30715
546,Tedmund,15,48031
547,Roscoe,52,44767
548,Derril,25,37698
549,Ermanno,51,49231
550,Felice,1,42691
551,Andres,37,46233
552,Bryan,4,39116
553,Edwin,13,35535
554,Webb,60,47774
555,Kinsley,29,44432
556,Terrell,46,44090
557,Garwin,9,48627
558,Patrizius,30,40297
559,Morse,26,49983
560,Levey,8,39433
561,Douglas,31,41785
562,Eddie,35,41377
563,Jackie,44,33378
564,Phip,14,40452
565,Xenos,5,34141
566,Bern,10,45543
567,Luca,15,46112
568,Ase,47,44591
569,Silvio,46,35222
570,Torrence,15,37190
571,Elmer,8,49489
572,Frederick,35,49704
573,Erick,15,43917
574,Avram,4,40074
575,Eliot,14,32818
576,Darn,31,38428
577,Patsy,50,37842
578,Mandel,52,36016
579,Mallory,36,36054
580,Alvan,41,49897
581,Parrnell,33,31793
582,Jethro,17,42657
583,Yankee,4,45576
584,Kyle,8,45300
585,Kevin,7,43796
586,Kerwinn,38,36079
587,Alexandre,38,34479
588,Foster,4,40304
589,Sandy,25,40662
590,Frazier,32,48993
591,Bendicty,55,36760
592,Antoni,14,40670
593,Reg,15,32963
594,Godfree,25,49495
595,Wolfgang,23,35538
596,Umberto,49,32702
597,Sheffy,15,39188
598,Griffy,23,33195
599,Truman,14,47252
600,Federico,51,46116
601,Karim,40,49466
602,Olivier,18,33594
603,Vern,4,49332
604,Benji,15,36342
605,Clayborn,58,42818
606,Monroe,33,48915
607,Dermot,13,48360
608,Cheston,37,42616
609,Willis,56,34289
610,Shelden,12,33445
611,Georas,49,39513
612,Maxwell,53,45022
613,Wallace,39,40657
614,Kayne,35,45891
615,Jedd,51,37384
616,Gawen,41,49631
617,Bronson,3,30690
618,Sergeant,36,36366
619,Towney,16,39406
620,Cameron,44,41507
621,Danie,9,46519
622,Averil,28,47111
623,Lindon,4,44996
624,Angus,29,35480
625,Chad,60,35033
626,Rodolph,19,38532
627,Flin,47,40345
628,Sutton,48,41761
629,Muffin,59,30002
630,Hammad,15,34694
631,Mycah,13,42115
632,Arvie,6,36179
633,Franciskus,53,39178
634,Gail,36,31603
635,Algernon,45,48301
636,Murry,19,32537
637,Ewen,29,46695
638,Hansiain,19,44249
639,Avery,43,46657
640,Lamond,28,34430
641,Page,2,35665
642,Karl,34,48561
643,Xymenes,41,49969
644,Lorant,32,32062
645,Jonas,15,33156
646,Andris,41,36075
647,Whittaker,57,38053
648,Isadore,16,48041
649,Vito,39,45310
650,Tully,56,32145
651,Alonso,37,43175
652,Shea,57,38005
653,Tye,44,36580
654,Yehudi,6,45810
655,Osgood,3,41100
656,Melvyn,23,48753
657,Edlin,47,43869
658,Roddy,14,33749
659,Georg,17,35833
660,Niels,48,35301
661,Yard,15,30141
662,Vin,8,40875
663,D'arcy,35,41228
664,Maximilianus,42,33774
665,Nikolaus,33,38723
666,Burnard,15,32354
667,Hiram,43,40552
668,Maxy,39,35166
669,Wayland,55,48581
670,Aube,9,32341
671,Osgood,21,45237
672,Chrisy,45,38794
673,Berne,55,38617
674,Ty,41,47589
675,Ax,38,37964
676,Wylie,15,46306
677,Shermy,19,40415
678,Rees,16,33331
679,Gregor,36,34222
680,Chucho,12,38119
681,Richmond,36,36087
682,Antonio,56,47480
683,Jens,57,41791
684,Carlo,53,32911
685,Henderson,10,38751
686,Cobb,4,43967
687,Sumner,55,36185
688,Loy,59,35465
689,Gale,32,36707
690,Rene,24,36905
691,Hill,0,39397
692,Heriberto,16,32130
693,Barri,50,48706
694,Alvie,48,30330
695,Bowie,14,45338
696,Julio,40,33744
697,Damiano,55,30276
698,Gregorius,10,45600
699,Morten,51,37172
700,Nataniel,3,49750
701,Jasen,44,48978
702,Boot,50,40895
703,Luther,12,35683
704,Dukey,11,44732
705,Gabriel,16,49001
706,Selby,1,37233
707,Ernie,14,49400
708,Lindsey,48,39784
709,Bradly,23,33715
710,Barnabe,9,40300
711,Rossy,33,34626
712,Kean,32,48974
713,Galven,54,39529
714,Benjy,37,49803
715,Leland,39,37291
716,Claudian,53,31545
717,Miguel,40,38485
718,Christopher,15,35727
719,Ezekiel,51,35021
720,Stanton,34,49713
721,Norris,5,41226
722,Bayard,39,45233
723,Waring,20,46147
724,Oswell,13,47030
725,Wittie,46,38609
726,Flem,49,40100
727,Kevan,27,41417
728,Quintin,57,30783
729,Roma,34,44536
730,Rudy,53,38211
731,Brandyn,1,49105
732,Rudolf,21,43790
733,Irving,26,33301
734,Douglass,39,44282
735,Drake,38,33466
736,Tracey,48,30849
737,Mahmoud,32,44589
738,Salomo,44,49994
739,Baird,24,49331
740,Marv,45,48716
741,Harwell,18,42487
742,Juan,15,30860
743,Brandon,31,40744
744,Perren,38,45007
745,Dael,54,47710
746,Abel,0,31970
747,Tad,36,39718
748,Albie,44,40581
749,Abran,11,48701
750,Grannie,1,32199
751,Radcliffe,29,36864
752,Saw,14,44090
753,Miner,7,34280
754,Bear,25,39964
755,Deck,43,44864
756,Johnny,33,40835
757,Carson,27,42127
758,Waiter,4,39249
759,Fraze,49,37087
760,Jermaine,58,38266
761,Jard,54,31114
762,Huntlee,11,30935
763,Andy,16,31727
764,Rayner,8,43416
765,Irving,1,32031
766,Clint,32,48657
767,Jesus,6,33078
768,Broddie,49,43729
769,Cal,22,30202
770,Sidnee,47,44194
771,Llywellyn,31,39579
772,Owen,2,31571
773,Gradeigh,46,37648
774,Ase,36,38096
775,Odell,4,38025
776,Dore,27,35047
777,Chas,52,40508
778,Wayland,24,46680
779,Sampson,5,49259
780,Odey,41,46780
781,Red,60,40364
782,Freedman,5,48659
783,Osborne,36,46211
784,Zach,44,44624
785,Hall,37,43638
786,Red,30,30221
787,Kiel,4,41445
788,Mayne,51,48813
789,Bradney,26,48859
790,Tyrone,25,42574
791,Scarface,49,34952
792,Burgess,38,47217
793,Shem,5,47342
794,Steward,58,41222
795,Howie,45,48721
796,Abdel,6,46948
797,Ricard,36,42924
798,Sanson,6,30403
799,Eldridge,35,31611
800,Taber,42,47741
801,Dalt,34,35707
802,Bartram,27,49038
803,Thorpe,28,31031
804,Webb,2,34608
805,Maurice,31,38401
806,Carl,32,48928
807,Saxe,45,41481
808,Nickola,40,47334
809,Benjy,43,39530
810,Merle,1,34373
811,Ulberto,47,42554
812,Casper,60,48640
813,Dave,59,34616
814,Whit,13,33369
815,Orville,23,33219
816,Jimmy,0,47587
817,Abram,27,43941
818,Lem,41,46675
819,Rafaello,59,48203
820,Todd,11,40386
821,Jamey,24,46852
822,Jonathan,45,39983
823,Bobby,12,48174
824,Adolphe,8,30021
825,Meryl,20,47812
826,Wells,35,44817
827,Sampson,6,42812
828,Cecil,55,37557
829,Abbey,47,43791
830,Owen,55,39714
831,Ganny,3,42294
832,Benito,36,39579
833,Tate,15,43059
834,Stacee,51,37866
835,Codi,32,33925
836,Darrick,14,45666
837,Robinet,44,47574
838,Gian,36,45427
839,Timothee,55,33253
840,Lincoln,27,30628
841,Casey,36,41208
842,Bear,25,44125
843,Aguie,16,41828
844,Lucho,20,38884
845,Rollo,22,49470
846,Windham,24,36181
847,Kelley,1,42971
848,Gallagher,36,36674
849,Farrell,2,40044
850,Dexter,51,41619
851,Jeddy,1,31833
852,Pierson,17,48046
853,Sigismund,22,49428
854,Silvester,26,42552
855,Fabiano,38,42637
856,Mayor,24,47126
857,Myrvyn,8,36837
858,Alfy,45,31306
859,Maxim,31,34951
860,Eli,4,41117
861,Barbabas,49,45280
862,Alfonse,11,43914
863,Tymothy,54,35812
864,Stanwood,59,30260
865,Karoly,58,49920
866,Say,0,31172
867,Jeramey,22,39486
868,Bernarr,5,38799
869,Irwin,55,49956
870,Kane,15,32720
871,Adair,8,40707
872,Dmitri,28,38823
873,Lorant,42,46034
874,Tammy,50,33537
875,Hillel,0,39399
876,Georgy,44,39673
877,Cleve,5,49533
878,Dur,54,49615
879,Agosto,11,43802
880,Gregoor,15,42694
881,Thain,52,35394
882,Johnnie,21,38519
883,Gavin,57,41452
884,Douglas,52,46756
885,Patrice,19,40340
886,Bradney,49,49884
887,Kelly,4,41406
888,Dunc,7,39913
889,Lewie,56,47349
890,Karney,47,34945
891,Chase,30,36994
892,Francklin,0,40402
893,Darnall,60,49488
894,Gallard,5,32543
895,Frederich,26,44803
896,Dwayne,49,47792
897,Dal,57,32079
898,Wallis,41,45054
899,Lock,53,35395
900,Pierce,16,33881
901,Marijn,22,34534
902,Cyrille,37,46744
903,Xenos,55,40097
904,Alastair,57,39692
905,Ricardo,40,40146
906,Cosmo,57,39721
907,Tadd,13,33614
908,Hyman,12,45397
909,Brandon,7,39085
910,Niven,16,32035
911,Ellary,21,46559
912,Ange,51,49605
913,Whit,55,37304
914,Deck,9,39244
915,Georg,46,40060
916,Dick,12,34148
917,Bail,21,39027
918,Alvis,26,46665
919,Harlin,24,35612
920,Gregg,1,41391
921,Odey,60,38627
922,Pip,51,44107
923,Wolf,29,49467
924,Wildon,56,44819
925,Wilmer,9,41538
926,Les,22,36203
927,Baily,38,39015
928,Harrison,51,38809
929,Ricoriki,11,43004
930,Elmo,46,31853
931,Bruis,24,43651
932,Des,54,48160
933,Gaston,34,34090
934,Lucho,44,36159
935,Mattias,21,46789
936,Basilius,59,35276
937,Eugenio,15,41957
938,Dom,51,33302
939,Ivor,14,31579
940,Ruprecht,57,43118
941,Wallas,16,37844
942,Lowe,54,38601
943,Brnaby,43,38904
944,Hamnet,38,48342
945,Jeramey,10,48308
946,Verne,21,46529
947,Ernest,12,44830
948,Court,57,35666
949,Ludwig,45,44090
950,Whittaker,50,44682
951,Marion,3,46403
952,Bron,40,36012
953,Ethan,30,31746
954,Reagan,35,38219
955,Alvis,54,42811
956,Marcel,58,45900
957,Ellerey,51,31697
958,Garald,49,30652
959,Abbott,5,47582
960,Aurthur,29,36107
961,Torin,60,37830
962,Pip,26,39377
963,Manolo,47,47471
964,Clarence,31,35526
965,Windham,13,40007
966,Cort,0,38496
967,Isador,3,37667
968,Abeu,18,43585
969,Timothee,54,48837
970,Augustin,3,44289
971,Evyn,36,32866
972,Darius,32,48171
973,Sholom,20,30197
974,Clerc,4,30355
975,Allayne,6,44322
976,Harv,40,38017
977,Worth,7,36064
978,Adlai,2,44101
979,Kermie,10,45739
980,Toby,56,48884
981,Dane,51,40199
982,Hasheem,4,45454
983,Dugald,58,36992
984,Artemas,2,48571
985,Lev,46,41239
986,Mateo,52,35369
987,Myer,7,41937
988,Algernon,8,46033
989,Pascale,11,35476
990,Bondie,30,40683
991,Kaiser,36,38026
992,Addy,42,44350
993,Keefe,19,39606
994,Muhammad,48,36943
995,Vergil,33,35187
996,Morly,26,45018
997,Vernon,46,44481
998,Alley,56,30099
999,Amory,59,30936
1000,Demetris,22,47145
